id,first_name,last_name,email,password,date_of_birth
1,Megan,Chang,greenwilliam@yahoo.com,r%7_LszReW,1995-04-19
2,Anita,Gomez,tammywoods@hotmail.com,t%0ZkYXnCr,2000-02-13
3,Seth,Miller,jrodriguez@yahoo.com,+RRkVKWGU1,1980-11-11
4,Thomas,Davis,sandrakirby@leblanc.net,o%VwU8ahtZ,2003-02-12
5,Crystal,Bruce,dennisdave@watson.com,_D$Ut0z@Y&,1971-01-24
6,Benjamin,Smith,mendozajessica@giles.net,^^9D%MWiG&,1967-02-12
7,Kristina,Moore,alyssa19@wade-smith.biz,En6T8JCu8),1987-08-11
8,Brittany,Mcclain,paul61@wheeler.com,L#3qHqTue0,1999-01-25
9,Nicole,Odonnell,simpsonlarry@williams-carson.biz,nc@8U!@hy$,1982-03-22
10,Haley,White,bburton@yahoo.com,*mZ(+I$e71,1994-05-19
11,Danielle,Watson,nicholascarter@hernandez.com,^$KyyHS915,1967-12-28
12,Kevin,Houston,jrodriguez@yahoo.com,*5dZAgzuYF,1963-09-14
13,Corey,Hawkins,ymora@hotmail.com,F+73JENcds,1980-08-14
14,Jared,Williams,danielellis@payne-hernandez.org,*JQSrmzY2S,1973-04-06
15,Nancy,Morrison,taguilar@roman.com,@ELplqMFb3,2004-01-03
16,Vicki,Burgess,amanda96@bruce-compton.org,)!3Z6%avAI,1982-09-14
17,Jessica,Cook,fbutler@love.com,&0M+#XToSD,2004-09-07
18,Jaclyn,Mendez,montesjennifer@yahoo.com,#6clQZ1jKh,1965-11-20
19,Todd,Santana,claytonweiss@chan.com,J@*%2NwsJI,1987-02-26
20,Chad,Howard,michael03@jones-barry.com,!s3Vvv5_LN,1987-10-26
21,Matthew,Woodward,jack11@hotmail.com,)4FB5hmJ$),1991-10-06
22,Kevin,Butler,wevans@wright.com,IIBB39Mm_8,1990-04-21
23,Jacob,Fisher,susanpeterson@thomas.info,LM44yAAw$&,1982-03-24
24,Crystal,Smith,smithraymond@hotmail.com,h+6O2&d7R(,1982-11-18
25,Justin,Taylor,jenkinscynthia@figueroa-strong.com,7+dGVLbs%I,1993-05-19
26,Kevin,Mcgee,anthonyruiz@mathis.com,$X_qd6Al9*,1985-09-02
27,Robert,Prince,sethfletcher@hotmail.com,^2GGG4fvV$,1975-11-16
28,Michael,Paul,cherylsalazar@melton.com,&b7SBuL6NC,1963-08-27
29,Donald,Buchanan,ogrant@lee-franklin.org,LC#$53Kr@b,1986-07-28
30,Monica,Allen,smithtyler@yahoo.com,!&6P+roXmT,1996-07-06
31,Jeffrey,Pittman,luis61@hotmail.com,%9K9R7z(j*,1999-08-11
32,Zachary,Trevino,hbrewer@cunningham.net,_5Hb5x90l4,1990-02-01
33,Eric,Thompson,kathyharrington@hudson-dominguez.com,GX2HtX@y$A,1995-11-23
34,Amy,Padilla,derrick63@floyd-cruz.com,$60baKDx@U,2005-11-21
35,Bryan,Allen,soniamurphy@cooper.biz,#OafkI!nR3,1990-12-30
36,Stephanie,Jackson,christopheryoung@wright.com,+8WXLFWwlg,1983-02-01
37,Emily,Ellis,jillsullivan@yahoo.com,*9M#6AvjH(,1965-07-01
38,Jonathan,Becker,kathrynblack@yahoo.com,%lD5bsq0q3,1987-11-19
39,Kelly,Carter,kburke@gmail.com,)u9NBmoh#S,1974-09-22
40,Bryan,Fowler,rfischer@mitchell-patterson.com,%DeJ_8Qrdj,2001-05-20
41,Rita,Fields,coxtina@frazier.com,g_7AiJUxep,1967-08-10
42,Sarah,Walters,samuel59@yahoo.com,!64GApGr#@,1964-10-27
43,Raymond,Mccall,millermichelle@smith-lee.com,Bo8@P)bZ__,1967-03-29
44,Frank,Orozco,blairapril@hotmail.com,6mF07lCl+Q,2003-01-04
45,Gregory,Hunt,leekrystal@hotmail.com,et)j%7Qfj$,1998-01-13
46,Michael,Skinner,loganjohnson@martinez.com,ktWk0tWjK&,1975-06-18
47,Anthony,Lang,gbrown@johnson.com,&ukhWNpR9j,1968-08-13
48,Matthew,Friedman,moorezachary@yahoo.com,!S_0uZMkYv,1979-07-09
49,Cynthia,Murphy,jeremy67@walter-taylor.org,!fS+@Ba$u2,1985-10-27
50,Jennifer,Nielsen,amandajones@yahoo.com,56Gt5Du^)n,2004-10-14
51,Kimberly,Mcdowell,carrmichelle@yahoo.com,_H1gyKRbM_,1982-06-22
52,Kathleen,Rodriguez,douglas57@hotmail.com,1(0Y9Gc7fi,1974-06-12
53,Anthony,Ray,mayjasmine@gmail.com,_&8#XOrY9k,1986-06-22
54,Courtney,Schmitt,vrollins@torres.com,xjmQ+!We&7,1981-04-25
55,Haley,Mendez,leonalex@yahoo.com,7FKbm4dS+j,2004-07-23
56,Donna,Kim,andrew26@gmail.com,u&*C9LBmnO,1978-10-20
57,Amber,Moore,ejones@long-benton.net,m9E&a%Ph@4,1970-06-14
58,Sarah,Hansen,jenningsjohn@yahoo.com,OwP%4H4aGi,1982-06-02
59,Patrick,Anderson,ekelly@douglas.com,i&84sL+mhu,1989-04-17
60,Theresa,Marshall,emmashaw@yahoo.com,$5Qwmv$jI7,1979-01-27
61,Stephanie,Smith,darrenjacobs@miller.com,!15uTnKGi8,1988-03-04
62,Margaret,Byrd,kingdakota@nelson.com,Ua2P(Mtg)M,1991-06-29
63,Jonathan,Miller,shawnbell@yahoo.com,S7Xa5N_K!N,1983-07-30
64,Sarah,Mccoy,moorebenjamin@trujillo.com,Gk7xrcGf1&,2002-01-02
65,Sarah,George,tonymunoz@peters-gonzalez.com,qX!2xHuo9c,2001-02-04
66,Megan,Robbins,ubranch@yahoo.com,(+vHe3y$@2,1963-06-13
67,Susan,Barnett,omar81@gmail.com,3X)&7YXaVw,1970-08-31
68,Brittney,Ramirez,gcruz@perez-lawrence.com,!2KRKGu(Wv,1980-01-14
69,Anthony,Nelson,coopernathaniel@hotmail.com,D$+O8pRDzb,1970-04-04
70,Abigail,Callahan,yjohnson@reed.com,3hM7gDzp#n,1968-10-31
71,Donna,Murphy,milleralexis@gmail.com,#4&PG)qMB9,1984-06-22
72,Logan,Kelley,loganjohn@hotmail.com,2GItwtRr(J,1995-08-25
73,Patrick,Allen,summersrebecca@yahoo.com,)65Qnv%e!E,1980-03-16
74,Amy,White,johncastro@hotmail.com,Qjl2e@Xh_I,1970-03-06
75,David,Miller,smithjulie@reese.com,7^5Vgpiml&,2005-10-29
76,Nicole,Roberts,elizabeth54@may.com,A_mKpCpW)6,1976-01-06
77,Ryan,Baker,lindseyholmes@strickland.info,^aNjxL^2*4,1974-12-24
78,Rebecca,Stanley,craigdiane@gmail.com,HO)2VJhi@R,1975-05-03
79,Tyler,Hernandez,rebeccabrown@hotmail.com,JCtu2QDcy!,1981-07-06
80,Paula,Miller,huntangelica@franklin-fisher.com,c)j(6YeNc*,1997-10-23
81,Mandy,Pham,franklinterri@beasley.biz,m&0UK$uu*W,1990-11-04
82,Richard,Levine,jjohns@pugh.com,79Pqpjjq@+,1963-08-09
83,Joy,Morris,beth11@clark-hayes.info,*8QSSct_Hq,1989-04-20
84,Deanna,Wilson,annette57@vargas-flores.org,h#GLDP6^*8,1998-06-18
85,William,Villegas,dunlaphector@yahoo.com,*ZYagrcn7+,1989-05-20
86,Heather,Cohen,robinmann@hotmail.com,BCJTo_J5)2,1988-06-26
87,Sheri,Allen,marcthomas@yahoo.com,e(u2RWwe(O,1976-11-30
88,Michael,Russell,leejames@bradford.com,NmJgwd%t%8,1992-12-24
89,Kyle,Nolan,jeffrey11@hotmail.com,V@8W*TvkmA,2002-05-07
90,Sheri,Nielsen,kenneth29@taylor.com,X*4oEw2VEx,1982-03-04
91,Latoya,Doyle,madisonyang@smith.com,0BrHvgb1(5,1982-08-12
92,Andrea,Jones,finleyrebekah@gmail.com,_7W2kgoy(2,1973-07-04
93,Diana,Torres,nclark@yahoo.com,(1hR25Wm@S,1976-03-12
94,Sandy,Garcia,andreameyer@reynolds.com,_#7U3ZyuQ3,1995-04-11
95,Christopher,Hill,umurphy@hotmail.com,X4VX&cIr+N,1997-09-23
96,Marc,Vega,rebecca33@boyd-coleman.biz,^0E1WDVo&g,1992-01-04
97,Sharon,Combs,rberry@yahoo.com,6_1DVM7Vep,1998-05-27
98,Ernest,Crawford,perezjasmine@wang.com,)*YU9Fc^nL,1983-05-06
99,Denise,Lewis,johnmills@flores-baxter.com,y&9aQrAKZ5,1993-10-14
100,Anthony,Church,welchkelsey@hotmail.com,oh6n7oOtr),1981-05-31
101,Stephanie,Jackson,matthewerickson@sandoval.com,Cg)Z69XKc^,1969-02-21
102,Angela,Chavez,herringalicia@hughes.com,WAQ0cV_jh&,1980-12-18
103,Amy,Pineda,garciadaniel@hotmail.com,PA4SR%ud0$,1965-01-08
104,Ann,Smith,collinscrystal@clark-cummings.com,n1*!9Q5rBY,1975-11-10
105,Natasha,Mccullough,watsonchristy@hotmail.com,%Qs3GACdOs,2001-10-04
106,James,Henry,ballheather@sullivan.com,(729iWxLQ8,1991-03-29
107,Parker,Newman,todd68@burton.com,bJxe7EmVW_,1974-09-24
108,Michael,Coleman,cameron35@gmail.com,+m&^0vTk1a,1984-05-13
109,Susan,Johnson,paularodriguez@gmail.com,AGV4X^iz*u,1988-11-11
110,Nancy,Coleman,woodkenneth@smith.com,a9@g)*Fp#2,1974-08-08
111,Amber,Taylor,fdixon@hotmail.com,6(0sRBrStX,1987-12-17
112,Jill,Dunlap,smithdouglas@hotmail.com,13gU8e_$_D,1996-11-06
113,Duane,King,williamsonhannah@lloyd-hammond.com,&8#iRLb7h7,1981-04-25
114,Jeremy,Hinton,mike81@jimenez.org,)c7NWCrj12,2000-05-16
115,Dominique,Watkins,michael06@yahoo.com,cp7hrsHxb#,1973-08-21
116,Erika,James,johnnyhaynes@gmail.com,1z6H0JxfO),2004-07-14
117,Willie,Porter,pnelson@bowen-sanford.biz,(@ZlwDMih1,2004-06-26
118,Michael,Parker,connorkramer@fuller-bird.info,Oe6DWl4$^7,1971-12-30
119,William,Thomas,bradleyburns@gmail.com,YeT^8BMFC),1975-06-14
120,Kaylee,Sandoval,nsullivan@gmail.com,br_&4P2n_B,1974-03-18
121,Steven,Anderson,tylerdavis@hotmail.com,)a7Xkz(BCC,1974-09-20
122,Melanie,Moore,marquezpaula@rodriguez.info,%(2nW&eU*h,1993-12-19
123,Jacqueline,Gallagher,lgreen@bryan.com,c_8YCJkll_,1971-09-20
124,Ruth,Gonzales,karen15@gonzalez.net,y7syKj@s^8,1975-01-03
125,Daniel,Gibson,ystewart@yahoo.com,$g@5PeT@_q,1967-06-08
126,Emma,Chang,stephanie89@rollins.com,rgIj3Sua)8,1991-04-18
127,Travis,Lamb,vmoody@yahoo.com,8d5MMAJyp_,1976-04-19
128,Christian,Huynh,dorismartinez@hamilton.com,g&8&vBTwF!,1998-09-16
129,James,Walker,cody61@hotmail.com,7kC2eFwH%$,1971-08-07
130,Mark,Olson,john05@yahoo.com,v#mY1gRiho,1982-06-10
131,Anthony,Trevino,andersonlori@yahoo.com,l!9+lAEp%^,1986-04-11
132,David,Fitzpatrick,lisadavis@gmail.com,$#p7E6WuwB,1998-09-02
133,Lori,Blair,stephaniehart@yahoo.com,#2XEFAwznq,1991-03-09
134,Christian,Rhodes,robinsonjulia@moran.com,qb7RT@$1)9,1973-05-25
135,Nathan,Gardner,diana83@torres.com,%EDnWm!jJ5,1999-10-10
136,Carlos,Frank,andersonpatrick@gross.net,@8o@BJBm06,2006-01-21
137,Brandon,Clayton,kluna@gmail.com,9B0k1fGdl$,1978-04-10
138,Robert,Hughes,samantha98@gmail.com,4f8+M#pX$R,1964-01-25
139,Kathy,Richardson,jenniferestrada@chan-hensley.com,C9oIn%g*$t,1980-04-11
140,Elizabeth,Cordova,ijohnson@hotmail.com,(!8ANxPvS1,1983-03-17
141,John,Hendricks,woodsjames@adams-murphy.com,P#7HNmBl$U,1967-10-21
142,Kathryn,Melton,connie69@hooper-blankenship.org,Q460aXn_E!,1975-07-06
143,Kathleen,Dillon,curtisedwards@gmail.com,cQd8Dx&$u@,1967-09-08
144,Linda,Cole,powersscott@campbell.com,^hytf2HYU5,1984-07-20
145,Andrew,Thomas,douglasangela@molina.com,)hYY@MYG+1,1988-05-01
146,Katrina,Contreras,kscott@doyle-herrera.info,)gx**WYbl8,1998-10-30
147,Connie,Nixon,cherylspencer@morales.org,T)(B3Mi7Lt,1986-05-13
148,Julia,Pacheco,grantashley@hotmail.com,h(b@08Aju!,1985-09-09
149,Alexis,Trevino,petersonchristopher@yahoo.com,4cL4ixMN*c,1987-09-05
150,Tammy,Cook,lsantiago@ware-williams.net,%B5I@LYyXd,1986-10-27
151,Tammy,Wilson,ywallace@hancock.com,1wiH4G%7Q*,1995-12-10
152,Breanna,Baker,singhjohn@zimmerman.com,(63RWx5OO1,1983-04-12
153,Melinda,Fitzgerald,peterbrown@hotmail.com,@0$RTk^+12,1979-04-24
154,Brianna,Smith,christopher95@yahoo.com,wlG3QWvP@6,1987-07-05
155,Jonathan,Baker,gbarnes@hernandez-foley.com,^FqY_c2Vz7,1972-06-15
156,Anthony,Ortiz,ferrellkeith@gonzalez.com,Wy&9PppPLU,1964-05-17
157,Stephanie,Ellis,glin@gmail.com,d8Appw4!%9,1976-09-29
158,Kelli,Valenzuela,rward@yahoo.com,)a2A_w7xWk,1991-01-26
159,James,Carter,parkerfrank@gmail.com,3%l%2Fl8%U,1985-12-01
160,Jennifer,Hoffman,yusharon@gmail.com,5kXV4nw&!6,1963-10-19
161,David,Colon,lisa89@ross.com,B)_8&GgrUZ,1970-03-08
162,Sarah,Fischer,joe23@graham-mathews.com,(w*NErpzP4,1981-03-24
163,Ryan,Garcia,murphydanny@ponce-davis.com,Nm41#DMS5),1975-01-20
164,Jennifer,Garcia,shellyalvarez@yahoo.com,$nHJVfWOl7,1983-12-18
165,Sean,Costa,lwalker@johnson-briggs.biz,+0h$SzC@T*,2005-05-23
166,Hannah,Savage,lewisbianca@garcia-white.com,t(3HRop)da,1996-07-27
167,Robert,Franklin,tranheidi@moore-snyder.org,VbW0JmRo#R,1992-09-21
168,Joseph,French,tonya31@yahoo.com,I3DIMo8h%%,1981-04-24
169,Joseph,Myers,munozkristin@coleman-jacobson.biz,wVt4Py5v!J,1968-04-01
170,Joseph,Oliver,alexanderlove@hill-chandler.com,xa#7ZH&t&c,1988-10-28
171,Brian,Heath,marymccoy@hotmail.com,Y(1TH8ggwQ,1964-09-22
172,Timothy,Wright,marquezgregory@jordan.com,$%9phRLsX8,1999-09-10
173,Daniel,Quinn,matthewrobinson@ramsey-sims.com,r%0auUQz(*,1965-06-24
174,Max,Ramirez,dicksonashley@ellison.net,_Y0SH2o3%F,1976-04-17
175,Colleen,Wall,aaron66@hotmail.com,cF5+0WffCb,1997-06-21
176,Jennifer,Young,nmueller@martin-lopez.com,HH#Xe1amA!,1987-12-03
177,Jeffrey,Perkins,donna34@yang-ingram.com,O_9fQN+!Lg,2004-11-01
178,Matthew,Harvey,qwilliams@yahoo.com,uVa(4fVnN^,1987-02-07
179,Scott,Thomas,caleb93@hotmail.com,#fqV8JuLT8,1992-12-02
180,Brandon,Buck,rodneydonaldson@williams.info,30WD6_ii)4,1996-05-31
181,Martin,Brewer,princedana@tate-baker.com,T^4Zdyoc*X,1975-10-11
182,Michael,Garcia,hromero@gmail.com,@5mMTduhyv,2006-01-23
183,Jill,Dunlap,jonathan01@hall-nelson.org,(E)1$Evr8s,1977-01-30
184,Charles,Reed,gregorymontgomery@davis.biz,!oM*KvGyW5,1984-08-23
185,Paul,Brooks,savannah68@page-benson.com,o1$lw1ZmWX,1986-04-12
186,Kevin,Saunders,crodgers@hotmail.com,#nB#rEEb)7,1992-12-19
187,Monique,Hester,gibsoncameron@harris.org,985D%L^a$s,1964-01-31
188,Nicholas,Miller,tapiaalicia@hotmail.com,@N6DGqRnuW,1997-07-21
189,Katie,Conrad,pprice@yahoo.com,^*0bf9TrJi,1979-03-10
190,Catherine,Johnson,natalie24@medina.org,@vm+4MgRr7,1977-05-06
191,Sara,Richardson,alexander63@coleman.biz,Y^1A+Ujg^s,1963-08-23
192,Karen,Tucker,parkerscott@gonzalez-shah.com,_Bx9L5Je7J,1996-08-09
193,Matthew,Williams,danielle71@gmail.com,8YorZJuL+S,1987-04-13
194,Kim,Johnson,trobinson@gmail.com,rRZ(HS7D%8,2003-11-06
195,Denise,Mcbride,timothy98@hotmail.com,u$O46iF1Uh,2004-03-29
196,Jason,James,nnorris@meadows.com,&0BF4BlX$C,1973-01-28
197,Christine,Bishop,lauren82@hotmail.com,EdZaufTc#1,1976-12-14
198,Amy,Jenkins,jlawrence@gmail.com,@1O0ZKVnMy,1973-06-11
199,Amanda,Williams,laurasnyder@hotmail.com,V%uc+#EfC8,2002-07-11
200,William,Davis,anthony87@gmail.com,qtX_t8XjqD,2005-10-28
201,Stacey,Zimmerman,sandra97@bryant.org,6NjNo+p3^c,1974-02-20
202,Nicholas,Wilson,emmabrown@gmail.com,xv&8DdvUt$,1982-02-03
203,Kathryn,Zuniga,markhull@gmail.com,$2%Xt8mJ+t,2002-05-30
204,Shannon,Kim,joshuachambers@hotmail.com,X@#7NkdL^6,1965-06-03
205,Stacey,Richardson,sharonlopez@weber.com,W3ZYllLq@j,2002-12-01
206,Jack,Bush,tara21@hotmail.com,jq3JOmei$m,1976-08-07
207,Tyler,Petersen,hancockroger@gmail.com,U)V6GURzf!,1966-07-24
208,Kimberly,Dickson,fernandezjames@gmail.com,^!y5PHmy1b,2003-04-23
209,Kevin,Roberts,elizabeth09@gmail.com,*7fumElck0,1999-05-14
210,Maria,Hester,nroberts@gmail.com,$2$5Ljko+y,1965-11-18
211,Cheryl,Brady,marydaniel@phillips-myers.com,7(U7k6Him9,1975-02-15
212,Gail,Morrow,michelle87@alexander.com,g7AV*Kd^(k,1969-05-13
213,Timothy,Le,collinsdiana@yahoo.com,b49L5Pec8^,1989-04-14
214,Stephen,Perry,brooksmaria@wilson-sutton.com,x92E5LwO%1,1978-03-14
215,Michael,Macias,linda34@boyer.com,G&6uIm4jR_,1965-09-20
216,Veronica,Crawford,erikapineda@hotmail.com,n+8^1ZgMk0,1984-01-21
217,Steven,Anderson,ucole@gmail.com,)$Nq0Is@61,1970-02-24
218,Nicholas,Mclaughlin,frankmorrison@edwards-hayes.com,)1(kyXPyIU,1970-10-11
219,Dylan,Beck,leahallen@yahoo.com,5^o8HnyM3L,1998-04-13
220,Jessica,Moody,christopher23@yahoo.com,1()52BoNwC,1968-03-11
221,Hannah,Burns,kristen11@hotmail.com,!r@T2RsB%z,1968-10-06
222,Christian,Williams,gilmorekevin@ware-burke.com,s33_8Zk+7v,2005-12-24
223,Melissa,Norton,leroysosa@gmail.com,VKeRa2Pj(x,2001-01-15
224,Jeffrey,Petersen,cheryl23@may.biz,wb)8vYfVxa,1999-01-29
225,Rhonda,Miller,dawn61@nguyen.com,*wZLJ2yf+0,1963-03-04
226,Jennifer,Arroyo,castillojamie@duncan-miller.net,%2I!9SckBe,1965-05-20
227,Jason,Perez,williamhamilton@kline-mendoza.org,&3G0kvKID),1966-08-04
228,David,Jones,cummingsdavid@valencia-mccarty.com,WXDl0Ug9!7,1984-08-18
229,Daniel,Wilson,mmoore@phillips.com,u%c7sPKWJz,1979-08-30
230,Nicole,Dalton,smithrichard@higgins.biz,KAGX8XYp@0,1992-11-02
231,Tiffany,Harris,kayla86@sandoval.org,%9ZSSRda^9,1997-01-15
232,Jamie,Nash,molinaemma@davis-harmon.com,Xn+6sLxdwI,1984-06-07
233,Matthew,Scott,nicole69@yahoo.com,$9Y)D_8hEv,1973-08-13
234,Shelley,Robinson,rodrigueztracy@yahoo.com,1j)&o5Srzz,1981-10-14
235,Samantha,Ibarra,jonathongarcia@yahoo.com,*^oT5OEx_&,1984-05-02
236,Jacqueline,Macdonald,dianesmith@yahoo.com,rOKdZ0#oK#,1991-05-08
237,Madison,Collins,tedwards@gmail.com,cK1CZh1i@I,1995-11-21
238,Philip,Davis,tdavis@rivera.com,tVuu4ZiY%U,1982-10-22
239,Kenneth,Cole,thomas30@johnson.com,*A%0JiDzmB,1994-02-08
240,Justin,Davis,johnharrington@hill-stewart.com,$1SwJ(7e5B,1966-07-19
241,Nicole,Simpson,williambaldwin@hotmail.com,sP2V0GYhi&,2004-08-28
242,Marilyn,Robertson,autumnrivas@bender-martin.biz,^3IIeNMvc9,1982-05-26
243,Kathleen,Parrish,wilcoxjacqueline@oneal.com,2s61vD)5J_,1978-10-01
244,Thomas,Knight,michelehicks@ellis.com,#b%JJtVj1p,1988-01-25
245,Anthony,Anderson,jacquelinecompton@price.com,_5&3WnydH5,1977-03-14
246,Gary,Williams,robertsmakayla@gmail.com,_3WJRifNX0,1967-05-22
247,Marissa,Atkins,timosborne@hotmail.com,(1NI_dyvxo,1963-03-26
248,Christopher,Gutierrez,darrellyoung@yahoo.com,(nRnK!gX06,1967-05-21
249,Christian,Garcia,harrismanuel@brady.net,)ncZaQ7ra7,1987-01-17
250,Wendy,Lucero,williamcarlson@montoya.info,*dG_iMa_D2,1965-09-06
251,Samuel,Madden,znelson@bennett-roberson.com,(f24VEwYVr,1973-05-19
252,Samantha,Pierce,tware@estrada.com,DQoLvfq5@9,1986-07-28
253,John,Hensley,melody65@yahoo.com,m6dMjDLq_R,1974-04-13
254,David,Nguyen,william02@castillo-harper.biz,!nR37BIbs_,1996-02-16
255,Kelly,Martinez,jeremymalone@lang.com,)53Zw2Rp@a,1977-07-14
256,Rachel,Leach,chadreed@gmail.com,s@4VMhfQD),1988-02-26
257,Kathleen,Romero,fjones@kennedy-larson.com,#0WUknupmU,1988-05-05
258,Paul,Green,markmartinez@yahoo.com,y@V4PL6mT(,1980-06-30
259,Kristin,Jackson,slopez@kennedy.com,id9%VGHq#_,1969-12-18
260,Brittney,Bell,lflores@clarke.biz,a%5G*OOKis,1998-04-06
261,Ian,Holland,jeffreyrussell@hotmail.com,7PkOJT6q#0,1995-07-22
262,Rodney,Stephens,millerjacob@davidson-newman.net,6#8!MNhsEi,1991-09-29
263,Elaine,Freeman,johncooper@yahoo.com,gCC2S_qn)2,1963-11-23
264,Donna,Smith,dickersonvanessa@gmail.com,k(5VLy%^sl,1986-08-13
265,Kristen,Carpenter,kimmatthew@sanders.net,!^vrHIv!I7,1973-12-18
266,Michael,Tyler,tamara75@yahoo.com,_d17LFfR(y,1991-09-12
267,Kristin,Mendez,athompson@yahoo.com,$WF8jVVilF,1997-09-20
268,Jeremy,Goodman,wrubio@gmail.com,#Bjm2XeiFq,2006-01-18
269,Kevin,Myers,rosariotaylor@yahoo.com,XL0Nzcfj$A,1984-01-26
270,Christopher,Taylor,michaelhunt@pennington-williams.net,)2!YVawCZ2,1979-11-24
271,David,Grant,hannahlopez@hotmail.com,(YUf!9jFI6,1969-01-10
272,James,Dixon,ghorton@gmail.com,Y1ke3WKc_C,1970-08-11
273,Ashlee,Pearson,cooperkelly@hotmail.com,!0QwhL5f&b,1989-09-24
274,Courtney,Powell,crystal27@gmail.com,DnsEEl5U(5,1979-12-06
275,Nicole,Davis,pjoyce@turner.com,*0Ae2_r#0z,1999-10-12
276,Kimberly,Gonzalez,dawsonalexandra@yahoo.com,qN22Wjxo!7,1975-03-14
277,Stephanie,Gutierrez,pinedarobert@hotmail.com,!S9+1LuNP@,1992-11-29
278,Joshua,Martinez,cherylharris@delacruz.com,@f8PbR+Ua),2002-01-16
279,Stephen,Ramirez,amybutler@gmail.com,08EQy4m@_^,1987-06-15
280,Nicholas,Alexander,xerickson@hotmail.com,oD4g!RFj%O,1973-12-01
281,Andrew,Garza,nicolebowers@turner.org,+_44HnjyNY,1992-09-27
282,Bruce,Jones,theresa27@dudley.net,42pERvsz!E,2002-07-23
283,James,Newton,anthony72@gmail.com,0tFBQuSu^S,1963-11-29
284,David,Arias,shawnyoung@davis-estrada.com,_i5NuNa9e8,1978-06-18
285,Jerry,Smith,patricia70@hotmail.com,$780WVp&^l,2005-04-19
286,Joseph,Baker,tortiz@yahoo.com,1RrXEy@1%s,1964-01-06
287,Anthony,Wright,clarkbobby@larson.net,dOZrWEdN%6,2004-06-20
288,Thomas,Sweeney,michaelcalhoun@stout-jordan.com,pg$hGJH2&4,1996-12-19
289,Lori,Cox,fletcherjeffrey@yahoo.com,*4p&nJtyB0,1969-07-15
290,Eric,Rosales,lwashington@simpson-johnson.com,mx05VsGiz%,1992-07-05
291,Erica,Reed,bbenson@jones.com,K1SdU3iu_L,1998-06-22
292,Megan,West,michelle29@terry.biz,^lp0G5rdM&,1975-12-16
293,Samantha,Davis,umosley@clark.net,q$_^9Amsdc,1984-07-14
294,Stacey,Kelley,jamessullivan@harper.com,$Ik%Wyxl4(,2005-05-20
295,Anna,Thomas,berrytammy@wright.com,k3KFD3Yu!@,1973-07-11
296,Adrian,Solis,ispence@hotmail.com,Tk4Vqu1ah*,1980-01-27
297,Lori,Rodriguez,alan29@cox-morse.com,)D6bXoCnv6,1968-12-08
298,Vicki,Hill,michelle41@hotmail.com,(%9%Esp^@U,1995-06-12
299,Denise,Ramirez,jason36@murphy-dunlap.org,#4H+jtOm&5,1984-01-29
300,Jonathon,Stewart,deborahcarr@hotmail.com,LA1Tdpnz*_,1972-07-20
301,Evan,Hebert,pamelarichardson@norton-vasquez.net,)0OKz@i^9P,2003-04-28
302,Alyssa,Tapia,carpenterelizabeth@yahoo.com,@l75Ca+a3s,1973-09-28
303,Jose,Chen,rogerreese@yahoo.com,F_8%Bv&^KD,1999-04-23
304,Patricia,Rodriguez,robert22@morgan.com,67YZ3Awq%I,1981-08-11
305,Calvin,Fowler,bellchristopher@long.info,AU!5%Q8e6f,1965-03-26
306,Miranda,Nelson,pennychandler@hotmail.com,JM6Vn3dVz),1999-03-13
307,Theresa,Kent,munozdean@adams-harper.biz,ARbCdRta$1,2002-08-22
308,Lindsay,Stephens,browncarrie@conrad-castillo.com,^zNmU8v)0d,1978-01-27
309,Heather,Brooks,raymondbender@garcia-lindsey.com,U3B4%EIm%0,1995-01-31
310,Denise,Martin,fclark@simmons.com,z)*24IGpR^,1987-01-10
311,Vanessa,Jones,haley35@morton.com,!(j6VGB$fj,2002-08-26
312,Joann,Hodges,tstewart@sandoval-henry.com,w^!71AWb*c,1963-09-08
313,William,Jackson,jdunn@gonzalez.info,)ijJ3CjS$u,1988-11-10
314,Elizabeth,Sharp,kirbythomas@rogers.biz,1mA4XQNnY+,2002-06-01
315,Shawn,Martin,morrisgabriel@yahoo.com,_^5EJA%cDz,2005-07-06
316,Angela,West,tolson@hotmail.com,+Oo_7GBn)V,1985-08-31
317,Martha,Webb,townsendanthony@ramirez.com,a1@H9SdE)V,1980-10-04
318,Matthew,Davis,mbaxter@west.com,k_A+R9FlC#,1988-12-16
319,Barbara,Hill,cynthiagonzalez@quinn.info,#_0EOYjqvj,1994-08-07
320,Lisa,Johnson,pottskelsey@hotmail.com,o@1S$F)eX*,1963-11-23
321,Troy,Fernandez,heidibarber@rodriguez-hunter.com,+T&#aC2a34,2002-08-08
322,David,Stanley,lhernandez@yahoo.com,dd_5E7IbB@,1964-04-09
323,Meghan,Tate,garciajessica@gmail.com,28vH6*mp)q,1969-07-05
324,Rebecca,Flores,ahinton@yahoo.com,&8Q7MOh)#e,1978-11-14
325,Larry,Daniel,bryce03@yahoo.com,P7(390Cw%O,1972-05-31
326,Christina,Franklin,probinson@frey.com,)46OvmCcnX,1978-09-21
327,Glenn,Coffey,dawn79@gmail.com,_6u*UdjpdB,1974-04-29
328,Lisa,Pineda,shernandez@price.com,*5lSItwjPS,1980-02-08
329,Warren,Frazier,jacobscameron@gmail.com,)4BPI*nmal,1975-12-26
330,Amy,Grant,jacobwoods@yahoo.com,aTP6C*uu4%,1992-08-13
331,Johnny,Stephens,ashley99@bates.info,$vy0M#UkYo,1977-11-17
332,William,Weaver,alicia10@yahoo.com,MqGgybT%$1,1984-06-09
333,Kimberly,Warren,garciathomas@hotmail.com,FVo0DLqH$g,1976-02-21
334,Tanya,Hernandez,rpineda@yahoo.com,$KEW4JyD0*,2002-04-28
335,Michael,Brock,bradleymegan@gmail.com,va40PtpES@,1984-03-27
336,Karina,Small,lisalarsen@nunez-taylor.com,myh+IWvV@8,1971-11-17
337,Jennifer,Santana,patricia68@yahoo.com,@#Udsw)(%5,1995-06-28
338,Jocelyn,Lopez,samanthagordon@hotmail.com,A$R0XEt)lb,2003-08-30
339,Tracy,Fowler,oconnorchristopher@hotmail.com,HoF3tK9X2%,1980-10-19
340,Lindsay,Robinson,urogers@gmail.com,Q*2Cu&o&nI,1978-12-26
341,Justin,Scott,ncampbell@chan-jones.com,b(1J2lya_V,1985-04-11
342,Andrea,Norton,aserrano@garcia-mckinney.com,RpFPVPMB$0,1974-03-28
343,Scott,Taylor,qcortez@gmail.com,_pP$eP$Pi2,1980-05-16
344,Ellen,Acosta,falexander@yahoo.com,0$7DG2e9R!,1968-10-08
345,Denise,Wilson,laurenknight@gmail.com,*9P($lD#e3,1963-11-30
346,Dawn,George,ryan75@gmail.com,3S^1Trq_xX,1983-05-24
347,Angela,Johnson,feliciajohnson@davis-rodriguez.net,x(T0SLne%_,1987-05-07
348,Michael,Jenkins,psolis@greene-sanders.com,g3JSHD$9&o,1968-06-04
349,Renee,Taylor,reynoldstaylor@gmail.com,i8i15USv#%,1989-09-27
350,Perry,Nelson,summersmith@gmail.com,_Apq6Ivu^V,1978-01-28
351,Daniel,Gardner,tarabailey@johnson-castillo.com,_ISo#H0s2h,1997-09-22
352,Timothy,Carter,burtonalfred@gmail.com,wQUq5BQfP),2001-02-07
353,James,Nunez,michael61@mathis.com,t#7SjwRx9l,1997-06-12
354,Christopher,Lee,adamskayla@gordon.com,0@S11Uy$@0,2001-10-16
355,Logan,Bass,hsantiago@scott.com,L*4!1HV65b,2003-07-05
356,Christopher,Jones,raymondwright@contreras-miller.net,W+5Rkq#oac,1978-05-08
357,Amanda,Holland,patrickjames@gmail.com,e2Xzg+(g)2,1983-11-09
358,Michelle,Duffy,browngeorge@delgado.biz,+$1IM9gE84,1993-10-18
359,David,Harper,brittany49@hotmail.com,K_9hseRpdW,1973-09-23
360,Mary,Thompson,valeriewhite@ortiz.com,50t4L&n3Q^,1985-04-29
361,Julie,Harrison,williammiller@carr.com,d!0HIZ_iFp,1998-10-06
362,Jerry,Sutton,steinjeffery@bennett.com,*F3YG*fmmd,1995-05-02
363,Katie,Adams,cheryl68@davis.net,@46GUlnqXZ,2001-10-26
364,Phillip,Henderson,ryanharvey@branch.com,m(2EaOSwPd,2000-05-02
365,Aaron,Davis,wyatt30@hotmail.com,AHQ+4IdQ5H,1983-02-02
366,Nathan,Johnson,phayes@bradley-hernandez.com,^5pJHePmh9,1994-03-02
367,Jason,Brooks,wilsonleah@gmail.com,G$42YxRzfu,1964-08-17
368,Anthony,James,duncanashley@garcia-hamilton.com,(6JKbj$5Y3,1992-02-16
369,Christine,Sanchez,lhood@hotmail.com,_^5UWa+IvX,1985-08-29
370,Matthew,Kelly,katherinewaters@yahoo.com,T2G@ZMs5%W,1964-06-16
371,Amanda,King,rogerwright@gmail.com,z*0BfUddJJ,2002-08-16
372,Robert,Thomas,mwagner@tanner.com,J!7KLCWmUg,1974-12-30
373,James,Torres,frankgibbs@gmail.com,$0^1JsCjX*,1980-03-15
374,Eric,Higgins,dannyferguson@hotmail.com,%Q9HG8pn76,2003-06-29
375,Brittany,Diaz,joelmaddox@kaiser-johnson.org,64H^Cdjy(V,1993-10-17
376,Kimberly,Williams,hthompson@allen.net,lR!n5_Yx3G,1965-04-29
377,Diana,Snyder,meyermichael@martin.info,H2ZrI%ez^a,1973-07-28
378,Lindsay,Bonilla,alexanderjohnson@hotmail.com,w+8ktLyWsr,2004-07-25
379,Michael,Wilson,prestonkevin@welch.biz,0#6H#jJuk4,1996-10-08
380,Raven,Barton,shaun70@gmail.com,r9@7xIHvV%,1981-01-17
381,Megan,Murphy,sarah44@yahoo.com,iwTpke@@(7,1996-04-04
382,Zachary,Jenkins,nathan74@hotmail.com,#C0Nbva+b^,2005-07-02
383,Stephanie,Blair,hillricky@allen-thomas.com,6kJBycx)^5,1965-09-27
384,Krystal,Lewis,thomasmatthew@yahoo.com,^CnzXSk507,1994-08-24
385,John,Williams,nbrown@yahoo.com,)r^0gPghT&,1987-10-25
386,Jennifer,Villa,hrodriguez@yahoo.com,8fe4QKvl_$,1964-06-09
387,Johnathan,Harvey,jamesgiles@gmail.com,%7Q4)x@a@(,1998-12-16
388,Andrea,Rogers,ayalaregina@figueroa.com,&iLx4tpm*8,1980-05-19
389,Janice,Walker,eric16@gmail.com,(a&HOybx73,1994-11-24
390,Matthew,Moore,javier65@campos-reid.com,z^q0AaZl0b,1963-12-07
391,Thomas,Robles,robert65@gmail.com,t(0XIRSirT,1974-07-12
392,Stephanie,Carter,kelli33@hotmail.com,y&2&Hd7$nd,1980-10-02
393,Christine,Chapman,nashdanny@davis-thomas.com,U3VX3GyW&n,1964-10-13
394,Molly,Sosa,graytyler@henson-tran.org,#TUCCtUAt3,1984-12-28
395,David,Juarez,mckinneysteven@atkinson-young.com,(kJ)0TlI3L,1997-03-17
396,Diana,Hudson,lori03@hotmail.com,6sl5KJngd&,1978-12-09
397,Sheri,Owens,johnfisher@lewis.biz,&zF_sg*PS7,1984-05-04
398,Jessica,Flynn,robertsstephanie@gmail.com,Gb7UbxWZ_3,2004-09-11
399,Rick,Thompson,brucetracy@hotmail.com,6rSTeiz0%0,2005-09-03
400,Kathleen,Elliott,bmathis@elliott-zimmerman.biz,&4@MA!MHhe,1989-10-12
401,Michael,Donovan,maria88@gmail.com,T#j9CKw$%G,1964-06-26
402,Jeffrey,Ford,ricardodavis@hotmail.com,+04Xj_6tqE,1992-09-16
403,Jodi,Weber,cruzdavid@hotmail.com,@n_5YKnfa3,1979-05-27
404,Mary,Duran,melanie79@ali.com,9%8x2Vss&#,1970-02-25
405,Brianna,Berry,angeladrake@young.com,ERmU)1SonW,1987-07-27
406,Vanessa,Wilson,jameslindsey@yahoo.com,FPv60eVsH+,1965-11-27
407,Penny,Riggs,hudsonrobert@hotmail.com,$t#OMBlXb2,1987-08-22
408,Amber,Chang,hunterpaul@terry-chavez.com,P_fKP5Va%9,1991-02-10
409,Shawn,Harrison,cunninghamtonya@sullivan-herrera.biz,sq!Z5m!m@5,1983-02-23
410,William,Roman,leewilliam@perez.net,ajvzTL(n*8,1990-06-20
411,Chelsea,Martinez,bowenjoshua@hotmail.com,Lj1MCjhu(@,1965-10-26
412,Lisa,Hughes,matthewbailey@cruz-flores.com,AK7@ejwz(+,1982-10-12
413,James,Randall,jason23@brown.com,9pxNSAX6%O,1994-10-14
414,Mark,Warren,kroberts@yahoo.com,wf6Vw9Mb!d,2000-06-09
415,Cory,Donaldson,mbrown@yahoo.com,)U46Gd6chI,1980-11-07
416,Ricardo,Lewis,aaron75@boyd.com,sKGSZm@x!4,1993-04-17
417,William,Quinn,ovance@clark-morris.org,VKXa0ZBw**,1968-04-09
418,Henry,Bass,jayarnold@yahoo.com,&u3Q#bc_RL,1973-12-22
419,Yolanda,King,nicholas00@walker.com,aZ(76NaYLF,1975-12-13
420,Michelle,Castillo,bsellers@yahoo.com,(2RijG@w$6,1978-04-29
421,William,Thomas,solismichael@yahoo.com,E3XNZXqL*7,1990-09-18
422,Kelly,Brooks,leonardmarie@jimenez.com,#KZu3wBd^0,1994-10-29
423,Joshua,Garrett,michelle93@gmail.com,05S5NowF*r,1972-07-04
424,Meghan,Cummings,deniseramirez@gmail.com,1@^zIZ#z^I,1978-10-13
425,Gina,Oneill,matthewbrooks@mckinney.biz,!CD%f01s_7,1988-07-12
426,Robert,Rodriguez,jrichardson@murphy.info,_94UPUqcq^,1983-08-05
427,Sarah,Bowen,gonzalezsteven@gmail.com,I8#8BL+s0S,1965-03-23
428,Shannon,Sharp,gjohnson@hotmail.com,Gu&1a7Fvtv,1983-03-09
429,Raymond,Fields,cabrerasteven@sanders.com,x^4O8FGKQq,1987-05-03
430,Scott,Tran,michael15@hotmail.com,#1QDfJI7gP,1979-03-23
431,Jeffrey,Oconnor,garykelly@gmail.com,^DB2MdhwYV,1971-07-20
432,Alejandro,Wells,tanyajensen@hotmail.com,e)$3fVjmLp,2004-11-29
433,Luke,Morrison,mcintoshbrian@hotmail.com,Jh5_QpY8K(,2000-10-07
434,Paul,Woods,cvelasquez@yahoo.com,_W1NZtmc)i,2003-07-26
435,Kathleen,Shea,jacob86@hotmail.com,USL!$Cir@3,1966-12-06
436,Steven,Perez,david16@gmail.com,64UyPwiP@L,1999-10-27
437,Emily,Chase,leslie51@gmail.com,%54IofyOL$,2005-03-14
438,Katherine,Randall,kevindominguez@stone.com,_zs_9Fz&x0,1983-04-18
439,Jonathan,Mendoza,vincentbaker@paul-jones.com,uA%2J0k9%C,1994-08-05
440,Kimberly,Sanchez,smithrobert@gmail.com,^y7wKAwB3j,1969-09-19
441,Donna,Orr,markbush@lane-harper.com,bL7ZXyfdF&,1970-04-10
442,Ashley,Bradley,jburgess@serrano.net,snRE5Kme^9,1991-02-28
443,Frank,Sullivan,dustinclark@yahoo.com,##a7Vh2ngL,1976-11-14
444,Joel,Davis,lauren97@yahoo.com,qa%2ZqbJL%,1993-10-24
445,Arthur,Schwartz,troy57@jones-robinson.org,(86IHMxg2y,2000-08-31
446,Edward,Lewis,alexisdavis@hotmail.com,IW+_3D5bSz,1979-02-17
447,Nathan,Schroeder,geraldpowell@hotmail.com,mzt0RTYqw(,2001-09-29
448,Samuel,Drake,tlucero@crawford.com,0%i9OJUa^6,2004-09-21
449,Mark,Lindsey,troymorgan@hotmail.com,sM7d3tMo@o,1979-05-24
450,Paige,Shannon,xmiller@garrison.com,!9l0EyZ0ET,1989-09-12
451,Tina,Avila,robertbaker@hotmail.com,)l$AEeBR49,2001-12-10
452,Troy,Johnson,ramirezscott@hotmail.com,$u0P+*ztY_,1987-11-25
453,Isaac,Miller,carolgreene@payne.com,*R3ASneC$0,1980-05-21
454,Joshua,Edwards,hartkelly@yahoo.com,(3fB)tXykt,1966-05-24
455,Christina,Clements,pfreeman@gmail.com,u2RYO**r*3,2002-08-01
456,Emily,Powell,william39@clark.net,$kv05Akv#1,1986-01-17
457,Kimberly,Yu,leonard52@garcia.com,Wh_(v3Ef6Y,1975-01-16
458,Joanna,Lowery,pmoran@fernandez.com,z1W+OVtj*8,1979-02-14
459,Amy,Daniels,wadedanielle@walker.com,$Ttp$0Wp!T,1991-05-16
460,Mark,Best,durantimothy@white-sanchez.com,#wNkXAo(r4,2004-06-25
461,Christopher,May,ashaffer@gmail.com,l$9JTZgg@i,1979-12-15
462,Christian,Richardson,sharonwhite@gmail.com,*s0*KEc8sb,1985-04-12
463,Daniel,Knight,christopherthompson@gmail.com,#(w9fV!v)S,1982-08-26
464,Albert,Alvarez,johnsoncassandra@gmail.com,q8(I(gdy%B,1982-04-12
465,Jennifer,Davis,turnerkristina@erickson.com,B*OWCYof(4,1975-10-03
466,Crystal,Allen,jennifer99@dickson.com,^RdXphe^0J,1966-01-29
467,Michelle,Johnson,abishop@yahoo.com,hw0YIp4uE),1967-01-03
468,David,Johnson,amanda84@robbins-stevens.info,mJj8FW%dA!,1978-08-03
469,Audrey,Williams,diananavarro@hotmail.com,*btW4rnj64,1996-06-05
470,David,Dunn,courtney75@reynolds-sandoval.com,wM#9gYuWA0,2004-10-17
471,Benjamin,Spencer,reyesryan@griffin.com,!69FJ!koB+,1997-12-17
472,Daniel,Garcia,darrenmiller@stephenson.net,%90V7ZdsT2,1999-01-13
473,James,Lewis,dannymckinney@hotmail.com,&H_c9Dgm!0,1978-05-17
474,Jeffrey,Meyers,cindy97@wood-brewer.com,WxMeZyM&^5,1966-11-29
475,Katherine,Barnes,janicechapman@rowe-anderson.org,&3QsN$THRJ,2002-01-11
476,William,Rivera,elizabethcabrera@yahoo.com,nD#5SLGiN+,2000-12-09
477,Michael,Powell,martinezdavid@hotmail.com,4#0lCN*h2&,1969-03-08
478,Linda,Anderson,haileylee@hotmail.com,A@0UQ2EGJb,1992-02-21
479,Kevin,Carter,michael25@hensley.net,3E1H1Z+yv&,1974-10-28
480,Jennifer,Austin,lopezvictor@long-jones.com,@3pgqDh13G,1967-11-29
481,Michael,Herring,wrussell@mckenzie-cortez.biz,DpP5NSJw)^,1972-07-02
482,Joshua,Smith,cynthia11@hotmail.com,5B1ayGUi%Z,1991-05-18
483,Daniel,Jenkins,deleonpatricia@benton-daniels.biz,+UACarM!7l,1968-07-02
484,Veronica,Holland,richard34@gmail.com,+)_46Nfyu1,1994-07-18
485,Terrence,Ferguson,carl05@flores.com,+cXD9xxu+7,1996-04-22
486,Shannon,Jackson,richardcunningham@taylor.com,j*6LP*z@L_,2005-04-06
487,Brenda,Smith,yvette59@hotmail.com,)kfh8Xb9K5,2005-06-10
488,James,Morgan,charles12@yahoo.com,(7CB_LBsb2,2002-08-27
489,Craig,Wise,lcox@hotmail.com,sd2D@jEu+s,1976-02-24
490,Micheal,Kramer,wilsonsarah@cain.biz,*xQnFAC2q3,1995-12-22
491,Brad,Scott,rhernandez@yahoo.com,rdBfhH5K#8,1999-11-08
492,Miguel,Rollins,petersenyvonne@ford.info,@lmPz_GJG6,1984-04-12
493,Kevin,Velazquez,tiffanythomas@yahoo.com,%)9eNc!%!F,1989-01-22
494,Scott,Murphy,elizabeth03@russell-rivas.com,^3Oz3vD$tV,1968-08-22
495,Christina,Wu,medinarobert@yahoo.com,zcY1CMKhp*,2004-11-28
496,Courtney,Swanson,joseph51@knapp-stout.com,$cYrP4QR#3,1989-09-08
497,Alison,Warren,brucewashington@gmail.com,z^Ur1Ndmb#,1964-09-01
498,Andrew,Martinez,maurice89@wood.com,%9HQ*UazZ),1991-07-28
499,Chase,Hoffman,hgarcia@hotmail.com,Gkc3_Kol^5,1967-04-21
500,Melissa,Anderson,lgallegos@robinson-santos.com,^4U*7#7e_v,1988-07-30
501,Brad,Christensen,kwilliams@hotmail.com,7M405CsbM&,1976-09-30
502,Lisa,Schultz,rlee@garcia.com,H*Ny!shu%8,1966-02-05
503,Christopher,Fletcher,sdiaz@randall.com,hW2LcOP%*7,2005-04-21
504,Bobby,Hardy,tonya22@garza-kelly.com,22Am1jro!Z,1968-11-13
505,Anna,Patterson,jamesball@french.info,&G1yqVyZn5,1979-04-21
506,Ronald,Cummings,williamwright@gmail.com,$8GUj^6oMy,1967-11-16
507,Anne,Clark,rodriguezjeremy@bowman-wallace.com,)1I#fTjM+d,1992-06-14
508,Steven,Burns,xfox@hotmail.com,LI8DhamAd(,1991-09-18
509,Sarah,Collins,walkerrobert@jones.org,_8QiNQ3z$2,1989-10-29
510,Christine,Franklin,jeffreycopeland@yahoo.com,CRGVC@&x(2,1998-08-11
511,Jennifer,Graham,cmarquez@martinez.com,H^4Szguq50,1994-04-04
512,Clayton,Sims,lambertjulia@gmail.com,5LgTb1fA#1,1998-08-23
513,Ashley,May,harrymartinez@carpenter-kennedy.org,IXHf7RdU_9,1990-06-01
514,Christopher,White,saradaniel@lowe.com,+4F+AaNTA#,1981-07-12
515,Kaylee,Hurst,fisherrobert@gmail.com,&8I^H$gb!V,1999-01-05
516,Elizabeth,Sims,richardsoncaitlyn@hotmail.com,W2RNnDiV*U,1977-08-11
517,Andrea,Rose,richardlewis@gmail.com,A840+Pth4*,2002-03-24
518,Brandon,Fernandez,mpeters@barker-carr.biz,z$s5WiKty0,1964-01-29
519,Janet,Perry,lhaas@banks.com,#R_m5_DuVF,1987-07-06
520,Ashley,Gomez,gjones@hodges-grimes.info,uEtqTaHc@1,1976-05-18
521,Mark,Wolfe,vaughndana@ward.org,#K1J*ty!A*,2001-12-17
522,Julie,Morales,wilsonrachel@hotmail.com,WL1BKX8qs(,2005-10-07
523,Natasha,Johnston,heather00@gmail.com,z%98Qd6VP$,1972-03-07
524,Robert,Stewart,hhernandez@yahoo.com,(ycXjpSU31,1970-08-27
525,Jennifer,Carson,mosstheodore@matthews.com,RkS%zg%n*1,1964-11-19
526,Kimberly,Riddle,lisaharris@gmail.com,Xq5+CwVw#6,2004-07-20
527,Brianna,Simon,jennifer64@crawford-chavez.com,25RR(IyE@a,1993-12-30
528,Marcia,Turner,austin30@yahoo.com,G+9*8IFtMO,1985-08-23
529,Edward,Watts,melissa94@peterson.info,+!yxDjH@4&,1966-11-14
530,Jodi,Edwards,michaelarnold@hotmail.com,7+EQ8BygJg,2003-07-15
531,Stephen,Watson,rebeccajohnson@yahoo.com,*!Bw5+Mi1K,2001-04-29
532,Desiree,Clark,mary42@bates.net,@3!T5Sq#^t,1967-08-09
533,Leslie,Anderson,ocarpenter@schneider.com,@WCHi6y1(7,1994-05-01
534,Scott,Castro,gregory16@graham-grimes.com,19+X6Xu6#W,1963-04-29
535,Amanda,Flores,zturner@day-davis.com,vIV9fXpwb+,1967-02-05
536,Brandon,Clark,fcrawford@smith.org,_1DyYSad6K,1991-11-18
537,Rebecca,Aguilar,pmadden@perez.com,31y_RTPd^F,1982-07-27
538,Jasmin,Ward,bergronald@hotmail.com,C0yW6vaq#),1984-05-14
539,Jacob,Rhodes,breannavalencia@hotmail.com,oWIJ1hVm)2,1989-09-23
540,Lori,Landry,thomas20@rogers-smith.net,&8ns3%la9R,1974-08-11
541,David,Rose,marie65@yahoo.com,&MWMgcI04o,1999-05-12
542,Kevin,Matthews,phillipbarrera@weiss-cobb.com,PqZ#lvXC@6,1975-07-21
543,Holly,Fischer,gmullen@hotmail.com,oQtkH+Qk#6,1974-01-28
544,Jessica,Nguyen,sharonhudson@gmail.com,tS(0L+hIEf,2004-07-31
545,Peter,Aguilar,matthewjames@hotmail.com,^R0cDSrEZ8,1994-01-22
546,Wendy,Ramirez,abigailstephens@hotmail.com,#cHhmFgu7t,1999-04-04
547,Allison,Smith,edwardlowery@brown.com,Z0cqci9h@#,2003-01-19
548,Tammy,Choi,stantonbenjamin@hotmail.com,)5OVl5n3)x,2002-08-06
549,Bobby,Drake,tphillips@gmail.com,%+9Nrqoo68,1970-12-10
550,Ryan,Guerrero,lanekelly@gmail.com,$VBJ)z9yq3,1988-09-19
551,Jessica,Patton,michaelbenson@gmail.com,@j%5BizpHs,1986-02-05
552,Adrian,Blackwell,butlercory@salas.com,7NVx7GUq*C,1998-11-17
553,Micheal,Martinez,gcase@rollins.net,%9lx(O30tT,2001-08-15
554,John,Vega,ashleybrown@gmail.com,^#0M#3rBVv,1990-11-22
555,Matthew,Barton,christinebennett@hotmail.com,9MYB6F4r)9,1974-01-20
556,Nathaniel,Hammond,eric91@french-armstrong.com,#G8IqE1g1h,1967-04-28
557,Rebekah,Fox,gardnerdavid@hotmail.com,x50EPbyh3%,1994-09-14
558,Veronica,Ross,shannon35@hays-hardy.com,eFo(6Jlw!p,1980-12-26
559,Maxwell,Stewart,scervantes@shaw-clark.com,f(72QsGur*,1974-06-11
560,Charles,Smith,davidrichardson@gmail.com,@X0kGy3dS$,2002-05-02
561,Lauren,Crawford,leashley@hotmail.com,%7LoOdsgwL,1977-09-09
562,Diana,Thompson,carlsonkayla@gmail.com,QK5!ceMe@*,1989-07-13
563,Duane,Evans,hunterheather@hawkins.net,%5RlqmBqe5,1973-12-28
564,Morgan,Ford,charlesmiller@gallagher-richardson.com,rL3Xz+n13+,2001-09-02
565,Monica,Martinez,gfowler@gmail.com,lGEf4VHc!6,2001-03-08
566,James,Odom,pricemarissa@walker-mora.com,1F*R#TTD&u,1979-09-13
567,Vanessa,Coleman,jamesjohnson@gmail.com,19smLz(f_h,2001-06-24
568,Justin,Sanchez,andrewtaylor@gmail.com,WS^4JtG+78,2004-09-02
569,Walter,Parker,ounderwood@mcdonald.com,18OX9Xgo^e,1977-11-28
570,Diana,Weber,cmason@meadows-adams.biz,g3D*aOOg+8,1967-03-16
571,Shelly,Luna,rhondacurtis@meyers-wright.com,9gNL5sPa+!,1982-06-02
572,Julie,Lee,tina67@deleon.net,oVavWTm$+3,1991-12-28
573,Madison,Gray,gilmorejeffrey@williams.com,+7CrJ$xGHf,1992-11-18
574,Christopher,Jones,jeffersonrandy@yahoo.com,2_8y$0Mi#),1981-10-24
575,Jean,Moore,kellypacheco@yahoo.com,14DhBGAL%y,2001-08-18
576,Ronald,Tucker,bcraig@hotmail.com,+J3yBiT880,1997-09-30
577,Drew,Johnston,tanyasanders@perry.com,_2%Kx%JngI,1985-04-29
578,Sean,Foster,mrivera@lewis.com,&kCSGPn!6^,1999-05-28
579,Leah,Vaughn,dpollard@yahoo.com,5CY&ItG1*+,1972-04-11
580,Jay,Brown,justin21@yahoo.com,8Ms1G6fxD),1976-11-10
581,Tina,Johnson,richardsonjeremy@hansen.com,Ie#H8(Gb_b,2004-01-07
582,Alexandra,Kline,scarter@johnson.com,!0i!VprL+0,1981-10-07
583,Jocelyn,Chang,adrianbernard@hotmail.com,1RY)Y%mu(X,1975-05-25
584,Katie,Smith,sblanchard@ramirez.com,7pr%OOPa*8,1975-08-21
585,Tim,Lewis,carrie61@gmail.com,^7zxyxPjP%,1981-03-11
586,Deborah,Duarte,johnallen@yahoo.com,Ao&H7EOj@E,1998-03-13
587,David,Grant,jessica34@mcclain-mendoza.net,d52SiTbg@R,1966-08-22
588,Christina,Wells,lcook@peterson.com,HKe^0Jp92R,1966-05-02
589,Ricardo,Edwards,stephanielawrence@hotmail.com,*n5L2)azR#,1985-11-01
590,Julian,Adams,martinezmichelle@yahoo.com,#2C^nBN_y6,1964-11-16
591,Zachary,Berg,goodwinjodi@yahoo.com,7))i5Cleur,1997-12-13
592,Christopher,Zamora,vaughnbrandon@powell.com,(CG5ZbRt4o,1985-08-23
593,Michael,Hammond,richard10@hotmail.com,^H8X6rdQDs,1968-10-11
594,Jonathan,Rogers,phyllisthompson@wright.biz,vhx24Blv+),1977-06-27
595,Morgan,Oconnell,annaeaton@ayers-levy.info,*^548WzMDd,1974-11-23
596,Cindy,Gibson,jacksonjames@moss.net,P22dJje$%i,1977-10-18
597,Michelle,Campbell,mitchellmarie@burgess.com,$_r0A3%J3o,1999-12-02
598,Edward,Moore,powerstiffany@smith.com,v8+2TovN^H,1964-05-19
599,Lisa,Jackson,norma52@yahoo.com,bSx0pNCeK&,1979-01-10
600,Gregory,Peterson,bradley12@johnson.net,z%6Z#pgQ#P,1997-02-10
601,Michael,Greene,houstonjacob@hotmail.com,Q#8TM^Ngq!,1995-01-16
602,Susan,Schroeder,gharris@hoover.org,@NRYec^L1P,1965-05-07
603,Mallory,Harrison,lisagonzalez@harrell.com,02s(&Fqu@j,1967-08-07
604,Margaret,Lopez,scottburns@hernandez-diaz.com,(q4WmjN5X_,1986-07-31
605,Cynthia,Perkins,michaelwhite@cortez-valenzuela.com,ByM83UaWS^,1976-11-29
606,Elizabeth,Castaneda,gomezryan@burns.com,bS8WlOMi_M,1993-02-28
607,John,Trujillo,grobinson@campos.com,cp4gRUy#L$,1967-03-30
608,Paula,Adkins,rachelwilliams@hotmail.com,!e2r7Lcf85,1976-06-20
609,Diane,Herrera,burgessbrandy@cooper.com,#qO+5ALv^*,2004-10-01
610,Kelsey,Austin,hfrancis@garcia.net,j%@auNCs!5,1986-09-29
611,Kristen,Gates,melissa15@gmail.com,&8z&7Qaq#4,1976-06-01
612,Timothy,Jordan,gregory24@yahoo.com,%IW1&Rjij#,1970-07-27
613,Nathan,Henderson,qmartin@swanson.biz,0JbE#2!x^6,2005-10-18
614,Cindy,Jones,kristenskinner@conway.com,bknz%9Nrvb,1974-12-18
615,Lisa,Craig,ohunter@davis.org,_v5PqWwoU0,2003-03-02
616,Emily,Perez,austinjackson@yahoo.com,61*VXL1l(3,1979-07-27
617,Melissa,Moore,reginald28@gmail.com,%5x@iSGwSf,1988-08-16
618,Taylor,Patton,mitchelljames@berger-kelley.com,t859Nl+z!O,1983-07-29
619,Emily,Rice,matthew20@pruitt.com,m7!p6KttbW,1963-12-31
620,Linda,Miller,karen30@wilson.org,Qo2PeD4b%F,2002-02-08
621,Julie,Hall,thomas13@jackson.com,4hCazlNt+G,2005-04-30
622,Rachel,Ramirez,peterramsey@bell.net,@kc&x3Zs(^,2002-04-24
623,Shawn,Carroll,meganmartin@melendez.info,_r8riVa4AO,1999-10-22
624,Nicole,Wade,bmiles@yahoo.com,#3gMwS&j!u,1976-07-14
625,Brent,Wilson,andersonvictoria@phillips.com,4Zlg2IsZ(@,1994-11-22
626,James,Wilson,christinasutton@russo.net,M2KbM2g*@%,1993-03-25
627,Danny,Wright,nhopkins@hotmail.com,1+b6BF*h)x,1982-05-25
628,Rick,Fuentes,coxkristina@hotmail.com,6kXy%Bm!#T,1972-11-21
629,John,Liu,vnelson@yahoo.com,xiBPL6Zq#8,1993-06-25
630,Stephanie,Santiago,chelsea33@holmes.com,vL$6IPmm@b,1988-05-21
631,Dylan,Wilcox,hholland@hotmail.com,2)h#IWtk(5,2004-04-17
632,Richard,Arroyo,rcarter@washington.com,!^V03dyp0E,1997-04-02
633,Stephanie,Frank,chaneybetty@gmail.com,+RDCn90r5Q,1991-04-17
634,Christina,Soto,cindy00@fisher-blankenship.com,!swS#VET3+,1993-06-23
635,Kelly,Mendez,robin32@hotmail.com,i^ch4PMz29,2000-12-13
636,Fred,Herring,janetcosta@yahoo.com,G0rAfvi2$7,1964-01-31
637,Patricia,Escobar,wilsonleslie@davidson.com,F#9UZtA@kG,1975-10-12
638,Benjamin,Lopez,jessica52@davis-conley.com,*sCeEE4ou8,1978-12-25
639,Christopher,Ryan,jack16@yahoo.com,bR5SSybx&5,1990-02-02
640,David,Tran,thomas05@roberts.biz,1VJUK5Yb_6,2000-12-17
641,Daniel,Conway,johnsonmichael@hill-matthews.com,(94xJde5Wv,1969-05-17
642,Ruth,Henry,elizabethhubbard@hall.com,5M$8X!e!)@,1972-11-02
643,Jason,Peterson,patricia39@jones.com,&&5kLz!eaN,1995-06-19
644,Gabrielle,Bennett,tuckerwilliam@gmail.com,h0!8AnpU6K,1976-01-17
645,Charles,Sanchez,schwartzkatelyn@yahoo.com,S_Jp8KRDsi,1972-02-13
646,Tyler,Andrews,smithchristopher@gmail.com,FZ75Ugi6@b,2000-01-08
647,Michael,Smith,linda03@yahoo.com,Nw!uM6Vt^1,1975-10-29
648,Jennifer,Price,laurawells@york-delgado.org,i!3UFF+&Ux,1985-12-24
649,Steven,Smith,hlopez@hotmail.com,Rw5MKTvx^c,1964-11-18
650,Mary,Blackwell,hoffmantracey@ward.biz,m8&+P(Jf*z,1976-10-06
651,Patrick,Santiago,joannaguilar@hotmail.com,MHnXh8Qsd&,1966-04-17
652,Monica,Leonard,sarahpena@hotmail.com,E7Ey_4TuSd,1974-03-09
653,Kevin,Rowland,chandlermichael@ramirez-navarro.com,yBNyqI#4*3,1970-05-20
654,Teresa,Phillips,kellytamara@barr.com,u8PLEZOm(o,1984-03-08
655,Daniel,Yang,daniellopez@williams.com,^Lf0HbEt)4,1988-05-20
656,Kelly,Jackson,ybailey@hopkins-boyer.biz,+T2QSj)39o,1965-01-19
657,Emily,Webb,patrickreed@alvarado.com,7vFK50Ee8#,1982-06-03
658,Kevin,Martinez,daniellejones@hotmail.com,YfBYeAEX^5,1999-03-10
659,Rachel,Wilson,imitchell@butler.org,xiNgFOcw!7,1988-02-25
660,Jeffery,Cooper,joel34@fisher-wilson.biz,XX5eLjvc+&,1992-06-20
661,Ashley,Henderson,summerslinda@gmail.com,IPT3&mL8%2,1995-03-28
662,Morgan,Burgess,zreynolds@yahoo.com,OWK7LQHv&&,1970-08-12
663,Anita,Guzman,deleonderek@johnston.com,a(4VvJ5j#B,2005-07-05
664,Tami,Cooper,nicole34@gmail.com,EA93Rq74^k,1966-10-26
665,Erica,Rivas,vrodgers@yahoo.com,(86PnEm1Eg,1989-02-24
666,Manuel,Cummings,tylercervantes@bolton.com,)^TQs*vCy9,1998-08-31
667,Jennifer,Rubio,tlewis@yahoo.com,(3CJ5cbiKF,1991-02-01
668,Edwin,Parsons,john75@yahoo.com,%I4JIssZ)X,1963-04-07
669,Bryan,Jensen,zcarroll@nelson-li.net,g36WDg2la$,1970-07-21
670,Amanda,Robles,eric53@gmail.com,+5v4wVBw_T,1981-09-15
671,Paul,Terry,courtneyhicks@larsen-cross.com,(vQMBL8#l6,1983-07-11
672,Jessica,Wallace,katie53@scott.info,L(1CE7uqmD,1963-07-22
673,Molly,Wise,ehopkins@gmail.com,U&0pIM4Xem,1971-01-10
674,Michele,Jones,ghoward@thomas.org,n2RZ9vH^$i,1973-07-11
675,Robert,Johnson,bethanysmith@atkins.info,da3_1TUcXf,1978-09-19
676,Kristin,Estes,mrivas@campbell.com,#9b$5N$u18,1990-08-26
677,Melissa,Maxwell,carlosjones@gmail.com,4&oj5Llv)O,1984-05-20
678,Christopher,Spencer,jeanettebarrera@yahoo.com,KpJ9UKbWa&,1991-07-27
679,Jason,Harris,sjames@parks.com,saQ)Isd0$1,1999-04-17
680,Jennifer,Barry,sarahramirez@smith.org,5b0uDz8XA#,1996-10-11
681,Travis,Williamson,richardball@marsh.com,6r6U)9ThM*,1966-05-04
682,Christine,Davidson,krusso@yahoo.com,4CLto_QZ(R,1992-12-25
683,Makayla,Gilbert,christineramsey@gmail.com,5%3UqA0d)^,1998-08-07
684,Andrew,Acosta,cunninghamdaniel@yahoo.com,+2Ljz0!9Ys,1978-11-15
685,Zachary,Frey,igarza@hotmail.com,p0NGk7y1@d,1985-03-01
686,Kyle,Johnston,toddnelson@schwartz.com,(X6cZl)TBb,1985-05-28
687,Taylor,Krause,zcole@yahoo.com,W!+6Jno&%b,1979-06-29
688,Kenneth,Bond,mnelson@yahoo.com,%7K02M7x&J,2001-08-03
689,Dylan,Moreno,csmith@hotmail.com,#mOAen@5(3,1971-07-09
690,Heather,Cox,nancy67@yahoo.com,d!1nRX7nWC,1986-04-19
691,Michael,Barker,charles73@evans.net,@GuS9f8I75,1975-03-10
692,Vincent,Schaefer,isabeljones@hernandez-colon.info,swJ)Trji%0,1972-04-29
693,Dylan,Reynolds,wschneider@hotmail.com,@7iFhiWc$V,1981-04-07
694,Benjamin,Fowler,agraham@hotmail.com,(uUyZD3a)1,1974-01-08
695,Karen,Dean,annette63@obrien.biz,_)#2s1Arrg,1977-02-01
696,Yvette,Ellis,awilliams@hotmail.com,hXpn2_KuK),2000-12-20
697,Mary,Ryan,epugh@mitchell.net,ZW^5AsQwhI,1970-05-25
698,Andrew,Dean,danieltaylor@hotmail.com,++0#@NPirF,1984-08-09
699,Lisa,Ball,robert88@nichols-becker.info,#)ZFyxEcr9,1971-03-15
700,Nicholas,Brewer,craigmora@best-taylor.com,ivE7P+ddU+,1980-08-06
701,Ethan,Dennis,xtorres@chen-zuniga.com,(6QfF)3##s,1969-06-26
702,Monica,Walter,kimberly18@sanders.com,wj)6M)terd,2003-05-28
703,Christina,Joyce,caitlin33@hotmail.com,v$7mOPn)eU,1971-08-14
704,Kristin,Kim,dalton51@hotmail.com,(5hNERylSN,1978-08-27
705,Sheila,Ellis,hunterdarrell@hotmail.com,!98qPiTkn4,1988-02-26
706,Katie,Hunter,cadams@hotmail.com,1f1t7Nn%+&,1985-11-19
707,Ashley,Harper,montgomeryshelby@gmail.com,(2+Nfl1k%5,1965-08-13
708,Anthony,Woodard,fsims@yahoo.com,x0J3nVHc*6,1981-08-05
709,Ryan,Anderson,lcoleman@yahoo.com,Of4TQ&kq_$,1972-05-30
710,Kristopher,Brown,kking@hotmail.com,f1HV_fmZ+%,1967-09-21
711,April,Spencer,bcooper@yahoo.com,35KFXuu3_^,1969-12-04
712,Yolanda,Smith,sydneywalker@roman-blevins.biz,%9XQ1G4Cm*,1969-06-18
713,Erin,Berger,kdavis@goodwin.com,%1ajU%Mr6d,1994-05-14
714,Ricky,Edwards,lwood@dickson.com,xb+d^7UaxY,1987-10-23
715,Joseph,Carpenter,hatfielderica@li.com,c5&8qZlpsN,2002-05-12
716,Heather,Wilson,katkinson@gmail.com,67FY0#sg%+,1968-10-10
717,Sharon,Rivera,richard66@hernandez.com,_xPy!zHg9e,1985-09-26
718,Michael,Mcbride,christopher07@gmail.com,)J60BdgdFa,1975-04-24
719,David,Richmond,nrivas@hotmail.com,2yZ_xQPc#i,2003-05-31
720,Donald,Schroeder,jenniferhughes@campbell.biz,GD9Vnvig2&,1986-04-16
721,Mary,Johnson,olsenjohn@hotmail.com,LpNR#zLl@5,1976-05-28
722,Benjamin,Hernandez,chavezheather@gmail.com,qZ4DQaxy_H,1972-07-11
723,Melissa,Valdez,samuelthompson@thomas-hancock.net,)rl)OSxf5X,1991-08-28
724,Krista,Coleman,heathertanner@yahoo.com,@emU0pSjf0,1964-12-03
725,Donald,Maddox,matthewcook@green.com,WH3Nvp6fb#,1968-03-13
726,Timothy,Green,zwhite@yahoo.com,itk6OhDa#P,1973-01-07
727,Benjamin,Deleon,kristindavis@yahoo.com,!4ZSg$bva!,1976-08-07
728,Michelle,Roman,yrussell@schmidt.org,Ia31Uw6c@S,1999-08-01
729,Daniel,Hart,wmorris@wheeler-jenkins.com,mv7obYL0&^,1993-12-14
730,Dawn,Estrada,hoodchad@hotmail.com,&er0X9jnOt,1965-08-11
731,Brandon,Marshall,erika41@hotmail.com,@0TqTcMq8p,1978-05-23
732,Nicholas,Park,gpowell@yahoo.com,XG@5byHquQ,1992-08-06
733,Brett,Kelly,kaylawatson@jenkins-day.com,J%+9VUkge2,1983-10-11
734,Becky,Smith,sarahevans@buchanan.info,#k0rGvCyf9,1974-03-26
735,Tanya,Hill,yfischer@hotmail.com,)vAtTSkb99,1985-01-25
736,Michael,Dixon,ericking@gmail.com,%Zyxz0Wm!5,1990-07-24
737,Nancy,Mullins,hmosley@ward-johnston.com,tuZh0OAk@!,1964-06-13
738,Tracy,Smith,carlosking@yahoo.com,UmQ1FFuP@2,1970-08-03
739,Rhonda,Compton,gerald82@huang.com,*5(EEHqVd1,2005-04-21
740,Brett,Roberts,ivargas@gmail.com,#Kl6CQggK2,2003-06-25
741,Mark,Jones,longmaria@mosley.com,IwtKkk7e)9,2005-06-28
742,Stephanie,Roberts,hharris@hotmail.com,+VoLU1!m#8,1986-11-01
743,Jose,Carter,watkinslouis@middleton.com,(1cV59bCa(,1978-12-01
744,Kelly,Aguilar,wjones@perry.org,gAQhgOAP%3,2002-08-12
745,Brett,Cross,kennedytimothy@hess.biz,m0X&yF0n^J,1968-03-17
746,Elizabeth,Johnson,brendan92@gmail.com,RIG2QcnSP+,2004-01-10
747,Lisa,Christensen,nchavez@dorsey.com,)blDJF*j39,1994-05-31
748,Terry,Bright,nicholasgarza@yahoo.com,Ki&3Fnp%v@,1993-02-18
749,Brianna,Braun,eflores@carter.com,b7p3Hpx_&R,2005-10-02
750,Danielle,Lewis,davidhouse@hotmail.com,*JLg(BW%4r,1989-01-25
751,Sonya,Mccann,jordanmayer@wood.com,3LPf5A6sX_,2001-02-26
752,Patrick,Perez,cgarcia@peterson.org,e!7UCJRm5h,1976-09-19
753,Thomas,Ross,guerreromichael@johnson.com,+AxP5LGv!x,1989-07-29
754,Kathryn,Jackson,virginiataylor@martin-hamilton.com,9+1Knj!SVa,1983-04-18
755,Jennifer,Molina,rodriguezdarrell@gmail.com,%%6L#UahAD,1970-02-02
756,Richard,Glover,greenalex@saunders.com,#9tJ$MDkJS,2001-02-20
757,Michael,Oconnor,zroberts@hotmail.com,fv)3OpJdCp,1974-02-16
758,Anthony,Wheeler,dkelly@yahoo.com,(N72LJXqb^,1981-11-28
759,Kelsey,Brooks,reedgina@le.com,+hu6Hhe^E2,1999-09-11
760,Jonathan,Miller,mbrown@holmes.com,lNAypZuJ(4,1969-08-11
761,Paula,Wilson,paul48@yahoo.com,ucWhvn!L*2,1995-05-27
762,Darius,Jordan,ihughes@nelson-davis.info,*n_*IZtw6O,1974-01-29
763,Glenn,Fuller,brandi64@jones.org,+4Pa821V$H,1972-09-02
764,Courtney,Reed,cody60@edwards-rhodes.com,ea&CrUsF*6,1997-01-30
765,Michelle,Mcdaniel,amylewis@calhoun-cruz.com,^xPQ2oFeKa,1985-11-21
766,Erica,Perez,romeropaul@lloyd.net,^1*SFf!%k4,2005-10-26
767,Daniel,Hall,renee27@williams.com,)r9UaofAK^,2000-10-19
768,Joshua,Valdez,jonathanrussell@fry.com,i)5RiYwBHC,2000-10-08
769,Brenda,Dixon,moorehenry@gmail.com,)RWDYhD$u1,1968-07-29
770,Tonya,Williams,annettehall@gmail.com,sJ@63LhT1*,1982-04-03
771,Joseph,Mccall,paul02@gmail.com,1ih1XjWvq!,1967-05-12
772,Jordan,Williams,michelle13@michael.com,7#5xPM(kh@,1977-11-15
773,Mary,Campbell,mnelson@fisher.com,ojn7xFmHp(,1971-12-04
774,Dorothy,Wyatt,wellscolleen@yahoo.com,)Q0qVs_!pi,1993-12-04
775,Elizabeth,Johnson,frenchvincent@brown-mccarthy.com,a0+WwC%o%B,1966-01-22
776,Kelsey,Wilson,devintran@hotmail.com,_1S5fAER58,2001-03-28
777,Michael,Hunt,wrocha@yahoo.com,_$FT!7ljSL,2000-09-23
778,Justin,Moore,stonechristina@hotmail.com,+1AbEZiIXm,1982-11-19
779,Jessica,Mccarthy,sandraclark@gmail.com,0!6M&1Xk#W,1968-05-18
780,Breanna,Villarreal,harry49@gmail.com,5%5UKQbl1&,1996-01-25
781,Shelby,Edwards,dbates@hunter-dodson.com,@_FYPqrq$3,1971-03-27
782,Emma,Miller,deborahmiller@yahoo.com,o_9ENzTicQ,1990-01-28
783,Victor,Macias,craig07@robinson-sharp.com,8(2CbBmfLw,1975-12-06
784,Joshua,Jennings,david63@medina.com,rp$42DtIY7,1986-12-30
785,Laurie,Adams,pperez@hotmail.com,S2Dt7Jzq#u,1967-11-30
786,Robert,Hawkins,katelyn29@hotmail.com,(7DJQMtG)6,1992-01-16
787,John,Johnson,hrivera@yahoo.com,UbM1QkN8(5,1966-08-21
788,Joanna,Shelton,morenolisa@olson.com,_k@uC@zjj8,1972-10-24
789,Julie,Torres,harold06@camacho-beck.net,b0CWD2Ti#t,1963-09-18
790,Tracey,Johnson,lucas19@chapman.biz,N*9Qqp8eUG,1989-09-15
791,Alisha,Warren,joshuaking@allen.com,OI9TEebq2(,1988-10-28
792,Jessica,Williams,chadpowell@davis.org,&7pFKakDns,1964-02-01
793,Danielle,Harris,dale28@thomas-rojas.com,_u5F2_bW%F,1994-03-04
794,Cheryl,Foster,judith11@yahoo.com,)q3Fb8A$c7,2003-03-02
795,Jacob,Wilson,tbryant@castaneda.com,k@8aeOpowi,1978-07-13
796,Amy,Kim,fwilliams@hotmail.com,UQWup@1k#9,1979-06-20
797,Catherine,Mcmillan,jorge58@fuller.com,M$3jySY)Xd,1995-10-11
798,James,Baxter,herringdavid@elliott-reed.net,oV5#XHFg+1,1993-06-10
799,Jose,Reilly,toddblake@conley-hines.com,rf&YeazH%7,1998-11-16
800,Emily,Adams,christopherharrington@hotmail.com,F^%1D+Wnk+,1969-08-20
801,Edward,Brown,maciaslee@bradshaw.com,w#72ExRe&&,2002-11-05
802,Debbie,Schultz,christopherking@johnson-sullivan.biz,pBp7NbBf%_,1994-12-18
803,Teresa,Johnson,christopher63@yahoo.com,%rcbd3RvXb,1990-11-11
804,John,Schneider,pgonzalez@yahoo.com,)FxO9Zbq%4,1966-12-29
805,David,Jennings,nicholas77@gmail.com,(C59SDuep^,1964-01-31
806,Rachel,Gomez,kevinthompson@barnes.com,$%t2XvUjVB,1992-09-25
807,Anthony,Lewis,caguilar@gmail.com,hj6Q+4bli@,1973-02-03
808,Vanessa,Booker,dcarter@long-murphy.biz,_5p^7^YfIH,1979-11-14
809,Greg,Pierce,timothy33@hotmail.com,)R7Cw8Ueq%,1970-09-25
810,Rachel,Wood,grahamtara@church-perry.com,&$tp9jPuo7,1979-09-25
811,Robin,Campos,shellycombs@medina.org,_MM8qxubm2,1998-09-09
812,Rebecca,Foster,christophercurry@hotmail.com,K2SwpgXo+c,1988-07-28
813,Sandra,Cruz,juan48@gmail.com,)1NBntHz!X,1979-04-23
814,Leah,Franklin,warrenrachel@gmail.com,#p4tvYWr%e,1981-11-20
815,Patrick,Ryan,jpowell@keller.net,$9d_S38qse,1993-11-30
816,Ashley,Russo,johnsonaaron@simpson.com,_$v5HXlgoP,1963-12-22
817,Patricia,Walker,kjordan@yahoo.com,G)78qWTiTy,2005-10-10
818,John,Diaz,jason70@fischer.com,!l84AUdq0+,1964-08-26
819,Alicia,Vega,ggreen@davis.com,*B8WtVeb1u,1981-01-03
820,Amy,Miranda,stephaniemolina@gmail.com,l*9Okq!$q#,1981-12-31
821,Christina,Lee,watkinsheather@parker.net,8CzBQ%oi^7,1993-09-23
822,Cody,Tucker,sblevins@garcia.com,f8N0ID@9@2,1970-04-15
823,Jacqueline,Martin,tinayoung@james.com,WQ5AcSZy&1,1964-05-20
824,Jacob,Davis,kathy31@yahoo.com,+*AYNwK!0k,1998-11-29
825,William,Allen,tcarroll@wood.com,@9tTkPyB$_,1978-09-03
826,Jennifer,Peters,christopher65@little.com,#i2&Z$3)23,1999-06-27
827,Kathleen,Lee,sjackson@gmail.com,rhO)8Nq*$@,1971-12-04
828,Jane,Ponce,pbarron@gmail.com,0X*3EZm!^E,2003-04-28
829,James,Morrow,hatfieldbrian@thomas-davis.biz,d9LrlLl2&2,1973-12-26
830,Andrew,Davis,yochoa@yahoo.com,AC^8@5KmL0,1967-02-14
831,Laura,Thompson,jonesjulie@gmail.com,Yl2I4KGg*q,1986-04-28
832,Matthew,Ramirez,markdavis@church.com,@wsU7FDqP+,1999-09-14
833,Christina,Davidson,ithompson@davis-richardson.com,+JbnR8y1x1,1975-12-31
834,Amanda,Cain,david98@hotmail.com,^3SHv66tCz,1981-04-23
835,Julie,Sutton,francis51@hotmail.com,^0cL#3Yht9,1989-06-26
836,Raymond,Schmidt,jessicawilliams@gmail.com,)3B4tQB46P,1982-05-02
837,Pamela,Young,tclark@yahoo.com,T$27+!CkjZ,1985-05-29
838,Heather,Gates,colleen36@guzman.info,@lfYVZLqV9,1999-12-27
839,Dana,Cannon,cody15@gmail.com,+$#!3JiInA,1987-05-21
840,Tony,Jackson,teresalopez@donaldson.org,6LDqk_KP+d,1982-02-13
841,David,Stafford,newtonjeremy@larson.com,ev&JDpNy*7,1994-11-03
842,Vincent,Reyes,stephaniesmith@myers.com,G#UBT&jZ@3,1988-10-11
843,Stephanie,Hernandez,danielle85@yahoo.com,jX8I&A$zg+,1973-05-27
844,Denise,Silva,gwaters@yahoo.com,1YKf$(ps+M,1980-10-09
845,Kimberly,Moody,angelabenson@harrell.com,f!i93Opkrv,1972-03-26
846,Donald,Gonzalez,charles09@bryant.com,&50Cav2wEj,1972-01-07
847,Darryl,Nichols,pattersonjames@rice.com,qy9N)ShwQ^,1974-05-26
848,Lacey,Kelley,heather40@gmail.com,J#scD#nb$2,1985-02-24
849,Michael,Zimmerman,mary54@hotmail.com,!7ZSfq@1tS,1986-06-07
850,Rebekah,Cannon,vjimenez@yahoo.com,N18S#Msy$+,1964-04-15
851,Catherine,Carlson,kaylaholt@yahoo.com,W!LVT3Wnoi,2003-04-10
852,Daniel,Young,carpenterjessica@aguilar-lewis.com,&cmWzd5qQ1,1982-08-14
853,William,Conrad,davilajacob@wise-steele.com,wus0WIz8#^,1970-03-23
854,Francis,Lopez,susan68@quinn-johnson.net,_V4mOjejW&,1992-02-02
855,Stephanie,Frazier,stevenjones@vargas.org,&tV6ZIrUX+,1972-02-21
856,Savannah,Ortiz,nichole35@ryan.biz,6+7rT#2p3#,1982-04-18
857,Amy,Hawkins,markhughes@hotmail.com,$Z5FRovQ4#,1975-09-02
858,Leah,Alexander,robertsantana@smith.biz,2BQC&%Ib$i,1983-09-24
859,Monica,Wilson,tylerbarton@ford-cunningham.com,@FTDpljsu3,1964-04-29
860,Emily,Ward,valerie95@yahoo.com,f%z!g6Miy1,1990-05-01
861,Bridget,Alvarez,alexandersimmons@bean-velez.com,!476OAgtKW,1978-04-09
862,Michael,Powell,brittanyrodriguez@hotmail.com,@l9XWd7EuF,1992-12-18
863,Linda,Key,hreeves@hotmail.com,$4pwdRHoq),1978-04-09
864,Julie,Reese,weberautumn@lewis.org,_SWFgyxmm2,2006-01-27
865,Julie,Haynes,jennifermartinez@yahoo.com,PVm8XKQx^c,1964-12-22
866,Jeffrey,Hall,ericameyer@hotmail.com,)8Iis0Zo+k,2002-05-12
867,Marvin,Cole,dcooper@reynolds-clark.org,_X)h92Fz+e,1965-01-01
868,Christina,Stone,mjohnson@gmail.com,t0UL61vh%r,1996-01-08
869,Chase,Johnson,michael73@hotmail.com,2zeWAFvR*J,2005-01-31
870,Amy,Weber,xchang@hotmail.com,k3T35TVa!$,2006-01-13
871,Heather,Cardenas,amanda82@wallace.com,+o9WUh%PD5,1984-12-19
872,Timothy,Hernandez,lawrenceabbott@stafford.com,vf%3mBco+D,1965-12-22
873,Ashley,Jordan,dawnsteele@allen.biz,#w@91BFg$i,1995-02-06
874,Justin,Green,timothymayer@hotmail.com,*FSCWnh*x7,1997-01-08
875,Jason,Thompson,stanleybrandon@gmail.com,z3HT6m(l@Z,1966-03-31
876,Amanda,Williams,lunawarren@schmitt-black.net,!P3g!QcHYE,1994-09-12
877,Nancy,Montes,chelsea60@brock.com,U1H(zLrn$j,1976-03-02
878,Ashley,Hoover,jeffrey32@figueroa.com,29#0IR0i#u,1987-02-01
879,Taylor,Patterson,bcampbell@yahoo.com,19(RkYjw!0,1971-07-17
880,Charles,Olson,john69@jimenez.com,%3B@SsrjC0,1994-09-03
881,Crystal,Montgomery,michellewalker@perez.com,7&0_IHNi1&,1979-07-19
882,Angelica,Martin,beckeric@yahoo.com,Q#3$9bgo(G,1993-10-11
883,Joan,Brown,dianaodonnell@owens-fowler.com,$0QQ$eWCZs,1970-07-31
884,Scott,Warren,hayleyolson@smith-christensen.com,%UO6U2+yhZ,1974-11-07
885,Kimberly,Hamilton,clarkjames@ford.info,(uuRYKWjD5,1979-04-18
886,Matthew,Todd,ericcochran@yahoo.com,&&%JpjPn)1,1971-01-19
887,Michael,Brooks,sanchezpamela@mendez.com,#X%4M!Kc!*,2002-02-13
888,Gregory,Anthony,mary59@hotmail.com,Pj!4Y!Lc!7,1964-02-22
889,Amy,Baker,brian18@scott.com,_!nLaoZL%1,1993-05-02
890,Ricky,Reed,pamela85@gmail.com,%kuZrqyO86,1990-10-14
891,Kenneth,Carter,robertking@hotmail.com,QH6qJ6lM&_,1987-02-12
892,Russell,Mcintyre,erinhicks@hotmail.com,)yoBziY6O9,2001-08-02
893,Michelle,Rhodes,qglass@wagner-jarvis.biz,YtT3UwCV^z,1987-12-17
894,Melissa,Francis,nwebb@rose.biz,&Ip88nGl_R,1969-02-26
895,Rachel,Hampton,nelsonsamantha@fletcher.info,8@5m4Yvjl7,1992-03-22
896,Melissa,Jones,paulaatkinson@oneal.net,e6xSBIBy!w,1997-06-14
897,Destiny,Coleman,devinsims@gmail.com,jK+6J_yqhc,1993-04-15
898,Kayla,Andersen,kelleyjennifer@lester.org,#DT$f!Oa!4,1997-01-17
899,Tara,Roach,obecker@hotmail.com,!9CQuwDsXJ,2006-01-16
900,Natalie,Mitchell,jandrews@gmail.com,+r582Zy+%G,1993-05-15
901,Jason,Lindsey,richard78@prince.biz,iWVWt&(c&8,1966-09-14
902,Patricia,Daniel,jameslewis@reynolds-roy.com,Uw1gu3Bd_G,1977-12-14
903,Angela,Peters,chriscarter@rush-serrano.com,&68XrxZEvQ,1970-10-21
904,David,Anderson,chelsea94@mcknight-morgan.com,B@$W4Yvvgh,1966-01-18
905,Lawrence,Clark,gomezmichael@ward-strickland.org,xF^h#2Dw^1,1966-02-06
906,Gina,Martinez,scott27@gmail.com,I!7fvaGw!6,1975-07-12
907,Patrick,Page,ooliver@gmail.com,47Njioa_+i,2005-01-27
908,Billy,Smith,bblack@yahoo.com,I1_1KAf6$S,1968-04-01
909,Jacob,Medina,fordjoshua@brown-mcdaniel.com,uAH()4Ni_),2004-07-07
910,Melissa,Young,amy58@salas-gutierrez.com,E^v58lKe&&,1994-07-29
911,Matthew,Haynes,qmendez@bailey-green.net,!5Wlq8fDv7,1971-04-09
912,Mark,Brown,cperkins@yahoo.com,69DAABuf!k,1984-12-02
913,Rita,Little,jwilliams@hotmail.com,)q5Kx^7rJK,1970-06-24
914,Patricia,Harper,smeadows@lee.info,!H)9NOj(^k,2000-09-15
915,Emily,Church,zbailey@gmail.com,BwmzNMLu*3,2001-03-22
916,Diana,Baldwin,salazaradam@berger-lopez.info,_9LIxw&^QK,1971-03-18
917,Daniel,Reynolds,thomasreynolds@yahoo.com,N3l1g(c4$x,1965-11-18
918,Jennifer,Smith,john35@yahoo.com,8q92EzXD)%,1994-11-25
919,Amanda,Roberts,wshelton@fisher-rhodes.net,ep^6VVecMH,1985-01-21
920,David,Cooper,burnsvincent@hotmail.com,0+xt27TjNm,2001-08-28
921,Nicole,Harris,rwillis@yahoo.com,@%fbWGpjj3,1980-11-13
922,Phillip,Bell,glee@salazar.com,#cX5GtTTr9,1991-02-15
923,Elizabeth,Camacho,adam09@gmail.com,ig@z4IhyYI,1989-02-01
924,Jean,Torres,julia86@walker.net,)2CT)7!sD&,1984-10-25
925,Carrie,Lopez,fadams@yahoo.com,#^7nsHPBCk,1990-11-22
926,Roger,Meyer,michaelpayne@butler.com,QCIp@3VqV*,1964-02-04
927,Rebecca,Jackson,rspencer@williams.com,tQ9DX&il@E,1990-08-10
928,Duane,Myers,elizabeth06@gmail.com,6GF3@w82!v,2002-03-23
929,Emily,Williams,flynnmorgan@yahoo.com,53V!tZc)$K,1990-11-06
930,Brandon,Clark,richard61@short-gregory.com,(6L6iQJ9Ke,1986-09-16
931,Morgan,Torres,cjohnson@yahoo.com,%W1UpDrxdG,1970-04-23
932,Robert,Mcneil,jenniferwatson@hotmail.com,&MW7Q0z+y5,1986-11-24
933,Nicole,Duarte,pgardner@burns.com,3!2SLudO!h,1996-11-15
934,Jose,Lynn,nguyenamanda@meza.org,JC5qcAabi@,2004-12-14
935,Melissa,Gross,stephanieschwartz@hotmail.com,$J@8OHDa*f,1963-12-04
936,Anthony,Briggs,fjones@gmail.com,_%4GjFkY_V,1970-07-21
937,Jeremy,Mcmillan,hvargas@ho.com,(0YFTIxGyL,1999-07-12
938,Nicholas,Lambert,todd46@hill-bowen.biz,ydw3pG#_%(,1968-09-30
939,Adam,Lewis,kimberly44@yang.biz,v28Zdmm_)d,1983-12-10
940,Dawn,Carney,andrewramos@gmail.com,sI0#1HTy0B,1995-02-12
941,Jesse,Morgan,dukestephanie@hall.com,_81NE3Jg46,1965-11-04
942,Pamela,Deleon,aortiz@sutton.com,^BRJOKvmQ4,1968-07-31
943,Michelle,Olson,robin65@hotmail.com,62k0Lb_P@y,1998-10-24
944,Brian,Maldonado,qanderson@logan.com,P@3Gq7jV#F,2001-01-24
945,Wesley,Reid,melissa16@yahoo.com,_B9IUBkkOA,1972-07-06
946,Brandon,Griffin,andersonjennifer@gmail.com,MO(6rNkg%H,1991-06-19
947,Jennifer,Cowan,andersonjennifer@gmail.com,i3nUmUrv@J,1989-05-15
948,Michael,Nelson,jean48@quinn-barber.com,VEH7Oxo4r),1967-02-21
949,William,Martin,christopherpace@hotmail.com,LqsNlOyx^6,1995-09-04
950,Richard,Lopez,angelawilliams@hotmail.com,+ACK%qle39,1986-12-24
951,Andrew,Walters,angelacummings@nguyen-howard.com,Bsj^7Wzh9^,2003-06-19
952,Steve,Jackson,jacksonelizabeth@mccarthy-allen.com,X#CZ4QpDIR,1965-08-10
953,Rose,Perry,lisaroberts@garcia-mullins.com,8@H44Sysc3,1995-12-11
954,Michele,Evans,sandra06@yahoo.com,)@(02Od47p,2002-10-25
955,Lisa,Pena,rvillanueva@nguyen-blackwell.com,@g4CdnwL_6,1973-04-07
956,Claudia,Ware,melvinhoward@young.com,@07INr#tgA,2001-05-07
957,Billy,Rodriguez,jtaylor@yahoo.com,_MCHMwst(9,1991-04-01
958,Susan,Anthony,twhite@smith.com,m4CkF31P(K,1981-02-22
959,James,Smith,myerssheila@yahoo.com,%$LW)YTn0d,1986-01-10
960,Marc,Chambers,paul13@freeman-serrano.org,Q489plnb_2,1974-06-27
961,James,Wade,murraybrittany@hotmail.com,iL6hId!mm*,1992-09-07
962,George,Hoffman,erica89@gmail.com,$i9isfPeE&,1994-03-28
963,Patrick,House,kenneth25@miller-carroll.org,$!37uAe!yj,2002-05-20
964,Lindsey,Hubbard,ellen95@riddle-cunningham.net,A6R4Z(+nH%,1989-06-04
965,Ryan,Wilson,fcamacho@hotmail.com,BEx$3LOo#R,1989-04-25
966,Melanie,Foster,manuel37@hunter.com,&7cKxgoAsR,1979-03-11
967,Jennifer,Williams,emily50@yahoo.com,60j#BHRt!f,2005-03-22
968,John,Brown,whitemegan@yahoo.com,+dQjcZZmA3,2002-12-15
969,Heidi,Holland,robert28@murphy.net,1+RnuWfP(4,1987-08-29
970,Evan,Cowan,zgoodman@jimenez-jensen.com,+6Mw$dIas2,2000-04-19
971,Stephen,Bass,caleb95@yahoo.com,70ZOkhOu^5,2001-10-21
972,Sean,Brown,gfloyd@hotmail.com,gw2vM*ws@8,2000-01-26
973,Tim,Mayer,bmccall@ashley-schroeder.com,kM4i9zho@^,1994-04-09
974,Nicole,Rollins,lewisangela@ramsey.net,C3!8Zb0x^7,1970-08-04
975,Ronald,Collins,wzimmerman@gmail.com,A#b7Kdut&c,1989-12-24
976,Deborah,Brown,chart@colon-lopez.com,&wXX1hLY)6,1969-09-04
977,Paul,Hanson,omack@yahoo.com,(#3n^HcmU^,1966-09-23
978,Bobby,Brown,jessicabrock@jones.com,%M24JR6mLx,1982-08-28
979,Jonathan,Campbell,phillipsdanielle@wagner.biz,@VQG0*lA56,1994-07-23
980,Olivia,Fox,claire32@george.info,^xlW5ijxr5,1986-12-01
981,Jared,Gonzales,mercerjoshua@yahoo.com,Kd4maVae!M,2002-07-01
982,Michael,Blair,dylan22@torres-barron.org,v)5!gGUg*@,1974-07-12
983,David,Sullivan,audreyrussell@hotmail.com,04ZIixK2%w,2001-02-09
984,Charles,Mccoy,sylvia63@morgan.com,QdC@J!nu#6,1966-12-22
985,Kevin,King,bookerbrooke@robinson.org,8SdQPfyq$5,2002-01-18
986,Erica,Harding,jeffreyjacobs@paul.biz,h5PQ@zm7&3,1970-04-29
987,William,White,brennanjonathan@douglas.com,_g0o0iUyo(,2000-04-07
988,Rebecca,Kelly,christiegallegos@bowen.com,+NZpI%f(3X,1983-11-29
989,Jesse,Hill,eric93@garrison.com,_qq2Kozwjl,1997-03-29
990,Elizabeth,Martinez,miguel78@yahoo.com,2hM6oRpt*5,1968-10-03
991,David,Baxter,catherinemccarthy@gmail.com,Y83WQZCr#N,1998-06-03
992,David,House,jeffreylogan@hotmail.com,!X8mM^tzC*,2002-10-30
993,John,Martin,davishoward@hotmail.com,_WU5ObHf8K,1991-02-26
994,Stephen,Mason,stewartbradley@estrada.com,*7*sEjv_mb,1978-04-05
995,Chelsea,Morgan,msalazar@gmail.com,I!i%Z34v)1,1971-08-27
996,Alan,Romero,peggy17@gmail.com,!v6$DSbAH*,1989-10-08
997,Jenna,Rowe,qlove@hotmail.com,k9FSv^%7#6,1966-04-12
998,Stephanie,Simpson,timothymoore@macdonald.org,&TBeQ7Wl1I,2000-08-12
999,Lisa,Perry,mendozamelissa@silva-nichols.com,85_KQFMdl*,1998-06-24
1000,Eric,Rivera,wlee@yahoo.com,vS!^d4Aqnu,1972-05-19
